question,tier,outcome,attempts,refocused,rejected_answer,reason,reference,latency,false_rejection
"En un paciente con VIH con carga viral indetectable en DTG/3TC, ¿qué factores obligarían a no mantener una terapia dual según las recomendaciones actuales?",single_hop,answered,1,False,,"La respuesta aborda adecuadamente los factores que podrían obligar a reconsiderar la terapia dual DTG/3TC en un paciente con carga viral indetectable, y todas las afirmaciones están respaldadas por el contexto proporcionado.","La terapia dual DTG/3TC no debe mantenerse si existe coinfección por el virus de la hepatitis B (las pautas duales no cubren el VHB), si hay resistencia conocida o sospechada a lamivudina (mutación M184V/I) o a los inhibidores de integrasa, si no se dispone de estudio de resistencias previo, si hay antecedente de fracaso virológico o si la adherencia no está garantizada. Igualmente se abandonaría ante viremia detectable/fracaso virológico o aparición de resistencias.",22.896720799966715,False
¿Qué pruebas deben realizarse antes de iniciar abacavir y qué ocurriría si el resultado no está disponible en un paciente con infección aguda?,single_hop,answered,1,False,,La respuesta aborda adecuadamente la pregunta sobre las pruebas necesarias antes de iniciar abacavir y las implicaciones de no tener el resultado en una infección aguda. Está respaldada por el contexto que menciona la necesidad de la prueba HLA-B*5701 antes de usar abacavir y las recomendaciones de no usar abacavir sin este resultado en inicios rápidos de TAR.,"Antes de iniciar abacavir es obligatorio determinar el alelo HLA-B*5701 (A-I), ya que los portadores tienen un riesgo de hasta el 50% de reacción de hipersensibilidad; si el HLA-B*5701 es positivo no debe prescribirse abacavir. Si en una infección aguda se opta por inicio rápido y aún no se dispone del resultado de HLA-B*5701 (ni del estudio de resistencias), no deben usarse regímenes con abacavir ni con ITINN; se recomienda iniciar con TDF o TAF/FTC.",17.43310330004897,False
"Si un paciente con VIH tiene fracaso virológico con viremias bajas persistentes, ¿cuál es el algoritmo recomendado antes de cambiar TAR?",single_hop,answered,1,False,,"La respuesta es apta porque aborda directamente la pregunta sobre el algoritmo recomendado antes de cambiar el TAR en caso de fracaso virológico con viremias bajas persistentes. Además, todas las afirmaciones clínicas están respaldadas por el contexto proporcionado, que incluye recomendaciones sobre el seguimiento clínico-analítico, la evaluación de resistencias y la optimización del tratamiento.","Antes de cambiar el TAR debe confirmarse el fracaso con una segunda determinación de carga viral, evaluar y reforzar la adherencia, descartar interacciones farmacológicas y problemas de absorción, revisar la potencia y barrera genética del régimen y realizar un estudio de resistencias (genotipo) si la viremia lo permite. Solo entonces se decide el cambio, guiado por el resultado de resistencias.",20.572939899982885,False
¿Por qué la adherencia subóptima puede generar resistencia incluso cuando la carga viral se mantiene relativamente baja?,single_hop,answered,1,False,,"La respuesta es relevante y aborda la pregunta sobre cómo la adherencia subóptima puede generar resistencia incluso con carga viral baja. Además, todas las afirmaciones están respaldadas por el contexto proporcionado, que menciona la relación entre adherencia, control virológico y selección de resistencias, así como la importancia de la adherencia para evitar la replicación viral continua y la selección de mutaciones de resistencia.","Una adherencia intermedia mantiene concentraciones subterapéuticas del fármaco que permiten cierta replicación viral bajo presión selectiva; ese entorno favorece la selección de mutaciones de resistencia aunque no haya un rebote franco de la carga viral, especialmente con fármacos de baja barrera genética (lamivudina/emtricitabina con M184V, o los ITINN).",30.067096600076184,False
¿En qué situaciones clínicas se recomienda no reducir a regímenes de menos de tres fármacos aunque el paciente esté suprimido?,single_hop,answered,1,False,,"La respuesta aborda adecuadamente la pregunta sobre las situaciones clínicas en las que no se recomienda reducir a regímenes de menos de tres fármacos, basándose en el contexto proporcionado. Las afirmaciones sobre la coinfección con VHB, fracasos virológicos previos y resistencias conocidas o sospechadas están respaldadas por el contexto.","No se recomienda reducir a menos de tres fármacos en presencia de coinfección por VHB (que requiere dos fármacos activos frente al VHB), cuando existe resistencia previa o archivada que comprometa los componentes de la pauta reducida, ante antecedentes de fracasos virológicos múltiples, cuando no puede garantizarse una buena adherencia o cuando no se cumplen los criterios de los ensayos (supresión estable y mantenida, sin resistencia a los fármacos del régimen reducido).",31.649577900068834,False
¿Qué inhibidores de la integrasa no pueden administrarse junto con rifampicina?,simple,answered,1,False,,La respuesta es relevante y todas las afirmaciones están respaldadas por el contexto proporcionado. Se mencionan correctamente los inhibidores de la integrasa que no deben usarse con rifampicina y las excepciones con ajustes de dosis.,"Con rifampicina no pueden administrarse elvitegravir/cobicistat, bictegravir (BIC) ni cabotegravir (CAB), ni raltegravir en su pauta de 1200 mg/24h; tampoco los ITINN distintos de efavirenz (RPV, ETR, DOR) ni los inhibidores de la proteasa. Entre los inhibidores de integrasa, las excepciones utilizables son dolutegravir (con ajuste de dosis) y raltegravir 800 mg/12h.",43.976032099919394,False
¿A qué dosis debe administrarse dolutegravir cuando se combina con rifampicina?,simple,answered,1,False,,La respuesta es relevante y fiel al contexto proporcionado. Aborda la pregunta sobre la dosis de dolutegravir cuando se combina con rifampicina y está respaldada por el contexto que indica que la dosis debe duplicarse a 50 mg cada 12 horas debido a la reducción del AUC de dolutegravir en un 54% por la rifampicina.,"Con rifampicina, dolutegravir debe administrarse a 50 mg cada 12 horas (en pacientes sin resistencia a inhibidores de integrasa), manteniendo esa dosis hasta 2 semanas después de finalizar la rifampicina.",45.230774299940094,False
¿Está recomendado el uso de tenofovir alafenamida (TAF) junto con rifampicina?,simple,answered,1,False,,"La respuesta es relevante y fiel al contexto proporcionado. Aborda directamente la pregunta sobre la recomendación del uso de TAF con rifampicina y respalda sus afirmaciones con información del contexto, que indica que no se recomienda el uso conjunto debido a la disminución de la concentración plasmática de TAF por la rifampicina. También menciona estudios recientes sobre la concentración intracelular de tenofovir, lo cual está respaldado por el contexto.","No. No está recomendado el uso de tenofovir alafenamida (TAF) con rifampicina porque la rifampicina reduce sus concentraciones plasmáticas; como ITIAN con rifampicina se prefieren TDF, ABC, 3TC o FTC.",45.50373520003632,False
¿Qué resultado de la prueba HLA-B*5701 contraindica el abacavir?,simple,answered,1,False,,La respuesta es relevante y fiel al contexto proporcionado. Aborda directamente la pregunta sobre qué resultado de la prueba HLA-B*5701 contraindica el uso de abacavir y está respaldada por el contexto que indica que un resultado positivo de HLA-B*5701 contraindica el uso de abacavir debido al riesgo de reacción de hipersensibilidad.,"Un resultado positivo de HLA-B*5701 contraindica el abacavir: no debe prescribirse ABC si la prueba es positiva, por el alto riesgo de reacción de hipersensibilidad.",37.47399760002736,False
¿Cuál es el tercer fármaco de elección junto a rifampicina en la coinfección tuberculosis-VIH?,simple,answered,1,False,,"La respuesta es apta porque aborda directamente la pregunta sobre el tercer fármaco de elección junto a rifampicina en la coinfección tuberculosis-VIH, mencionando a efavirenz (EFV) como el fármaco de elección, lo cual está respaldado por el contexto. Además, menciona las alternativas raltegravir (RAL) y dolutegravir (DTG), que también están respaldadas por el contexto.",El tercer fármaco de elección junto a rifampicina es efavirenz (EFV) a dosis estándar (A-I); como alternativas se recomiendan raltegravir 800 mg/12h o dolutegravir 50 mg/12h.,49.145619399962015,False
"En una gestante con VIH que además inicia tratamiento para tuberculosis con rifampicina, ¿qué régimen antirretroviral es preferible y qué interacción hay que evitar?",multihop,answered,1,False,,"La respuesta es apta porque aborda la pregunta sobre el régimen antirretroviral preferible para una gestante con VIH que inicia tratamiento para TB con rifampicina, y todas las afirmaciones están respaldadas por el contexto proporcionado. Se menciona correctamente el régimen preferido (TDF/FTC o ABC/3TC con EFV) y la interacción a evitar (TAF con rifampicina).","Hay que combinar dos exigencias: un TAR seguro en el embarazo y compatible con rifampicina. La rifampicina es un inductor potente que reduce las concentraciones de la mayoría de antirretrovirales: no pueden usarse bictegravir, elvitegravir/cobicistat ni cabotegravir, y los IP potenciados con ritonavir/cobicistat tampoco. La opción preferida es 2 ITIAN (tenofovir/emtricitabina o abacavir/lamivudina) más un fármaco compatible: dolutegravir con la dosis ajustada a 50 mg/12 h (manteniéndola hasta 2 semanas tras finalizar la rifampicina) o efavirenz a dosis estándar, ambos con experiencia de uso en gestación. Debe vigilarse la carga viral por el riesgo de infradosificación y la transmisión vertical.",28.30945319996681,False
Un paciente suprimido con tenofovir/emtricitabina + un tercer fármaco y coinfección por VHB quiere simplificar a dolutegravir + lamivudina. ¿Es adecuado?,multihop,answered,1,False,,"La respuesta es relevante y fiel al contexto proporcionado. Aborda la pregunta sobre la adecuación de simplificar el tratamiento a DTG + 3TC en un paciente con coinfección por VHB y explica que esta simplificación no es adecuada debido a la falta de eficacia de DTG + 3TC frente a la infección crónica por VHB, como se menciona en el contexto.","No. La coinfección por VHB exige mantener dos fármacos activos frente al VHB (habitualmente tenofovir —TAF o TDF— junto con 3TC o FTC). La pauta dual DTG/3TC no cubre adecuadamente el VHB y, al retirar el tenofovir, existe riesgo de reactivación de la hepatitis B con posible hepatitis grave. Por tanto, la coinfección por VHB contraindica esta simplificación; debe mantenerse un régimen con cobertura anti-VHB.",50.79694340005517,False
"En un paciente con insuficiencia renal avanzada que además tiene hepatitis B crónica, ¿cómo se resuelve el conflicto para cubrir el VHB sin dañar el riñón?",multihop,answered,1,False,,"La respuesta aborda adecuadamente la pregunta sobre cómo manejar el tratamiento en un paciente con insuficiencia renal avanzada y coinfección por VHB, utilizando información del contexto sobre ajustes de dosis y elección de fármacos. Todas las afirmaciones están respaldadas por el contexto proporcionado.","Hay un conflicto: el VHB exige tenofovir (activo frente al VHB), pero el tenofovir disoproxilo (TDF) es nefrotóxico y debe evitarse en insuficiencia renal. La solución es usar tenofovir alafenamida (TAF), que mantiene actividad anti-VHB con mucha menor toxicidad renal y se puede emplear en grados moderados de insuficiencia (con precaución según el filtrado), en lugar de TDF. Deben ajustarse al filtrado glomerular los ITIAN de eliminación renal y recordar que cobicistat eleva la creatinina sin reducir el filtrado real. No debe retirarse la cobertura anti-VHB sin una alternativa activa.",27.443014200078323,False
"Tras una exposición ocupacional de riesgo en una profesional sanitaria embarazada, ¿está indicada la profilaxis postexposición y cómo influye el embarazo en la pauta?",multihop,answered,1,False,,La respuesta aborda adecuadamente la pregunta sobre la indicación de PPE en una profesional sanitaria embarazada y cómo el embarazo influye en la pauta. Todas las afirmaciones están respaldadas por el contexto proporcionado.,"El embarazo no contraindica la PEP: si la exposición es de riesgo y la fuente es VIH positiva (o de serología desconocida con riesgo), debe iniciarse cuanto antes, idealmente en las primeras horas y siempre dentro de las 72 horas. Se eligen antirretrovirales con experiencia de seguridad en gestación, evitando los desaconsejados en embarazo, y manteniendo la pauta 4 semanas con seguimiento serológico. Debe valorarse el riesgo-beneficio e informar a la paciente, pero el embarazo en sí no es motivo para no administrar la PEP.",41.14358569995966,False
"En un paciente con tuberculosis y CD4 muy bajos, ¿cuándo iniciar el TAR y cómo evitar a la vez el síndrome de reconstitución inmune y las interacciones con la rifampicina?",multihop,answered,1,False,,"La respuesta es apta porque aborda adecuadamente la pregunta sobre cuándo iniciar el TAR en pacientes con TB y CD4 muy bajos, cómo prevenir el SIRI y cómo manejar las interacciones con la rifampicina. Todas las afirmaciones están respaldadas por el contexto proporcionado.","Con CD4 muy bajos (<50 cél/µL) el TAR debe iniciarse precozmente, dentro de las primeras 2 semanas del tratamiento antituberculoso, para reducir la mortalidad; con CD4 más altos puede diferirse hasta unas 8 semanas. La excepción es la meningitis tuberculosa, donde se retrasa el inicio por el alto riesgo de SIRI grave. Para evitar las interacciones con la rifampicina (inductor potente), se eligen fármacos compatibles: efavirenz a dosis estándar o dolutegravir 50 mg/12 h, evitando bictegravir, elvitegravir/cobicistat, cabotegravir y los IP potenciados.",34.11847750004381,False
¿Puede usarse la pauta dual dolutegravir + lamivudina en cualquier paciente con carga viral indetectable que quiera simplificar?,adversarial,technical_error,0,False,,,"No, no en cualquiera. DTG/3TC NO debe usarse si hay coinfección por VHB (no lo cubre), resistencia conocida o sospechada a lamivudina (M184V/I) o a inhibidores de integrasa, ausencia de estudio de resistencias previo, antecedente de fracaso virológico, o adherencia no garantizada. Solo es adecuada en pacientes suprimidos de forma estable que cumplan esos criterios de seguridad.",16.431088000070304,False
¿Está indicada la profilaxis postexposición siempre que se produzca un pinchazo accidental con una aguja?,adversarial,answered,1,False,,"La respuesta es apta porque aborda directamente la pregunta sobre la indicación de la profilaxis postexposición (PPE) en casos de pinchazo accidental con aguja, y todas las afirmaciones están respaldadas por el contexto proporcionado. La respuesta menciona correctamente que la PPE no está recomendada en la comunidad debido al bajo riesgo y la dificultad para determinar el uso de la aguja y el estado serológico de la fuente, y que se debe considerar en casos específicos de exposición ocupacional o con agujas usadas por personas con VIH y carga viral detectable o desconocida.","No siempre. No se indica PEP cuando no hay riesgo apreciable: fuente VIH negativa o con carga viral indetectable confirmada, contacto con fluidos no infecciosos, exposición sobre piel intacta, aguja sólida sin sangre visible de bajo riesgo, o si han transcurrido más de 72 horas. La indicación depende del tipo de exposición, del inóculo y del estado serológico/carga viral de la fuente.",43.88302280008793,False
"Para evitar el síndrome de reconstitución inmune, ¿conviene retrasar el inicio del TAR en todos los pacientes con tuberculosis?",adversarial,answered,1,False,,"La respuesta aborda adecuadamente la pregunta sobre el inicio del TAR en pacientes con TB para evitar el SIRI, diferenciando entre TB meníngea y no meníngea, y está respaldada por el contexto proporcionado.","No. En general el TAR se inicia precozmente: con CD4 muy bajos (<50) dentro de las 2 primeras semanas, porque retrasarlo aumenta la mortalidad. Solo se difiere de forma marcada en la meningitis tuberculosa, por el alto riesgo de SIRI grave del SNC. Retrasar el TAR en todos los pacientes con TB sería un error: el equilibrio entre riesgo de SIRI y de mortalidad depende del recuento de CD4 y de la localización de la TB.",35.122216399991885,False
"Si un paciente está indetectable, ¿puede prescindir del preservativo con su pareja sin más condiciones?",adversarial,answered,1,False,,"La respuesta aborda la pregunta del usuario sobre la posibilidad de prescindir del preservativo cuando el paciente está indetectable, y lo hace de manera relevante y fiel al contexto proporcionado. Se mencionan las condiciones adicionales necesarias para minimizar el riesgo de transmisión, como el buen cumplimiento del tratamiento, la carga viral indetectable sostenida, y la ausencia de otras ITS, lo cual está respaldado por el contexto.","Solo bajo la condición de U=U: la intransmisibilidad sexual requiere una supresión virológica mantenida y estable (carga viral indetectable confirmada y sostenida con buena adherencia). Con adherencia irregular o supresión no confirmada no se cumple la condición y existe riesgo de viremia y transmisión. Además, el preservativo sigue protegiendo frente a otras ITS y embarazos no deseados, lo que puede aconsejarlo igualmente.",45.032524200039916,False
"Un paciente con VIH-2 va a iniciar TAR y, como tiene tuberculosis, se plantea efavirenz por su buena compatibilidad con la rifampicina. ¿Es correcto?",adversarial,insufficient,1,False,,Declared insufficient information; nothing to validate.,"No es correcto. Aunque el efavirenz es compatible con la rifampicina, el VIH-2 es intrínsecamente resistente a los ITINN, por lo que el efavirenz NO es activo frente al VIH-2 y no debe usarse. La buena compatibilidad farmacocinética con la rifampicina no compensa la falta de actividad antiviral. Hay que elegir 2 ITIAN + un inhibidor de integrasa compatible con rifampicina (dolutegravir 50 mg/12 h) o sustituir la rifampicina por rifabutina para usar un IP/p activo.",21.550310100079514,False
